{
    "reference_serial": "DA8199285",
    "cameras": {
        "DA8199285": {
            "K": [
                [
                    2319.4125961351065,
                    0.0,
                    1196.1337274348732
                ],
                [
                    0.0,
                    2318.31980198375,
                    345.23792723071045
                ],
                [
                    0.0,
                    0.0,
                    1.0
                ]
            ],
            "D": [
                -0.07503053658524877,
                0.14109193599764805,
                -0.0013091383837030507,
                -0.00021816727495732694,
                -0.17906034698415565
            ],
            "image_size": [
                2248,
                1348
            ],
            "R_to_ref": [
                [
                    1.0,
                    0.0,
                    0.0
                ],
                [
                    0.0,
                    1.0,
                    0.0
                ],
                [
                    0.0,
                    0.0,
                    1.0
                ]
            ],
            "t_to_ref": [
                [
                    0.0
                ],
                [
                    0.0
                ],
                [
                    0.0
                ]
            ],
            "R_world": [
                [
                    0.9849903688665804,
                    -0.17244748958633332,
                    -0.007472387533419181
                ],
                [
                    -0.022981642989538628,
                    -0.08811584681423461,
                    -0.9958450891708569
                ],
                [
                    0.1710725498891611,
                    0.9810695494589473,
                    -0.09075638709665931
                ]
            ],
            "t_world": [
                [
                    964.6921288166506
                ],
                [
                    1373.9077459907078
                ],
                [
                    1851.2414259768752
                ]
            ],
            "pos_world": [
                [
                    -1235.33438968919
                ],
                [
                    -1528.7748114021376
                ],
                [
                    1543.4198187209336
                ]
            ]
        },
        "DA8199402": {
            "K": [
                [
                    2322.235807519853,
                    0.0,
                    1217.2532713383405
                ],
                [
                    0.0,
                    2320.8983181666567,
                    321.8720635051401
                ],
                [
                    0.0,
                    0.0,
                    1.0
                ]
            ],
            "D": [
                -0.07426349214970779,
                0.136968560545728,
                -0.00013839837838360377,
                0.00020891219426666738,
                -0.1492073036867927
            ],
            "image_size": [
                2248,
                1348
            ],
            "R_to_ref": [
                [
                    0.8805108521051286,
                    0.0017019525357300728,
                    0.47402293476441254
                ],
                [
                    -0.007453717842260409,
                    0.9999196318741131,
                    0.0102553343712399
                ],
                [
                    -0.4739673843371803,
                    -0.0125631664123376,
                    0.8804527729721041
                ]
            ],
            "t_to_ref": [
                [
                    -2959.2086154729427
                ],
                [
                    -89.93613510007144
                ],
                [
                    938.0405103348947
                ]
            ],
            "R_world": [
                [
                    0.9483479074965878,
                    0.313057612054554,
                    -0.05129500834919285
                ],
                [
                    -0.028567230083983285,
                    -0.07676219390763936,
                    -0.9966400949950863
                ],
                [
                    -0.31594328559438045,
                    0.9466269049214618,
                    -0.06385407713405229
                ]
            ],
            "t_world": [
                [
                    -1229.9175076383208
                ],
                [
                    1295.655749392385
                ],
                [
                    2093.4779206430917
                ]
            ],
            "pos_world": [
                [
                    1864.8232832320182
                ],
                [
                    -1497.25010870204
                ],
                [
                    1361.8909409554094
                ]
            ]
        },
        "DA8199243": {
            "K": [
                [
                    3462.7742993302127,
                    0.0,
                    1191.086412900136
                ],
                [
                    0.0,
                    3454.6412298218047,
                    610.7541527958311
                ],
                [
                    0.0,
                    0.0,
                    1.0
                ]
            ],
            "D": [
                -0.07211226634339409,
                0.32413082815640065,
                -0.005185298886541493,
                -0.0018726667295907993,
                -0.030235539493766325
            ],
            "image_size": [
                2248,
                1648
            ],
            "R_to_ref": [
                [
                    0.9791542807219082,
                    -0.013970169639122733,
                    -0.20263693864697177
                ],
                [
                    8.315402565221147e-05,
                    0.9976594339500066,
                    -0.06837870235651226
                ],
                [
                    0.2031179155795236,
                    0.06693644904539388,
                    0.9768636671305894
                ]
            ],
            "t_to_ref": [
                [
                    1401.0583712664672
                ],
                [
                    -235.2945028572621
                ],
                [
                    565.1143045617904
                ]
            ],
            "R_world": [
                [
                    0.9301129758006423,
                    -0.3664226344024401,
                    0.024986101033370338
                ],
                [
                    -0.03454366599202487,
                    -0.15500820827117845,
                    -0.9873090653429607
                ],
                [
                    0.3656454394452438,
                    0.917445861272552,
                    -0.1568327269633472
                ]
            ],
            "t_world": [
                [
                    1951.3171792396176
                ],
                [
                    1008.8922528844648
                ],
                [
                    2661.4355528994124
                ]
            ],
            "pos_world": [
                [
                    -2753.236363602995
                ],
                [
                    -1570.3296712211795
                ],
                [
                    1364.7328544369013
                ]
            ]
        }
    },
    "diagnostics": {
        "total_rms": 0.3462876246408644,
        "num_images": 130,
        "stereo_baselines": {
            "DA8199285_DA8199402": {
                "rms": 0.17778428058146073,
                "baseline_mm": 3107.0104158833774
            },