{
    "reference_serial": "DA8199285",
    "cameras": {
        "DA8199243": {
            "K": [
                [
                    3460.577786865712,
                    0.0,
                    1196.2248851339552
                ],
                [
                    0.0,
                    3455.489107721306,
                    1047.972829401507
                ],
                [
                    0.0,
                    0.0,
                    1.0
                ]
            ],
            "D": [
                -0.0689285831351383,
                0.2487544436989765,
                -0.0022751087650159318,
                -0.0007702915072154869,
                0.21883952805141946
            ],
            "image_size": [
                2448,
                2048
            ],
            "R_to_ref": [
                [
                    0.9833109787756141,
                    0.0030072434923247284,
                    -0.18190787642628778
                ],
                [
                    -0.013982940203901343,
                    0.9981550648229108,
                    -0.05908421067954507
                ],
                [
                    0.1813945875780141,
                    0.06064175999217551,
                    0.9815388838667847
                ]
            ],
            "t_to_ref": [
                [
                    1378.6509788454591
                ],
                [
                    -240.54207888428095
                ],
                [
                    480.5123617253906
                ]
            ],
            "R_world": [
                [
                    0.9338657862071651,
                    -0.357470714213672,
                    0.010458576922336177
                ],
                [
                    -0.04709447004316525,
                    -0.1519155569679534,
                    -0.9872708718697569
                ],
                [
                    0.35450924422788554,
                    0.9214859478205208,
                    -0.15870363488682185
                ]
            ],
            "t_world": [
                [
                    1965.624617404058
                ],
                [
                    976.8250315904148
                ],
                [
                    2487.9112669760157
                ]
            ],
            "pos_world": [
                [
                    -2671.6140644942584
                ],
                [
                    -1441.527117349046
                ],
                [
                    1338.6738256858857
                ]
            ]
        },
        "DA8199285": {
            "K": [
                [
                    2318.7560527077644,
                    0.0,
                    1218.1143367399027
                ],
                [
                    0.0,
                    2314.1954306608354,
                    370.254831254466
                ],
                [
                    0.0,
                    0.0,
                    1.0
                ]
            ],
            "D": [
                -0.07836610157066548,
                0.13164093568186402,
                -0.0006033851947317776,
                0.002809979568259316,
                -0.024952756555275672
            ],
            "image_size": [
                2248,
                1348
            ],
            "R_to_ref": [
                [
                    1.0,
                    0.0,
                    0.0
                ],
                [
                    0.0,
                    1.0,
                    0.0
                ],
                [
                    0.0,
                    0.0,
                    1.0
                ]
            ],
            "t_to_ref": [
                [
                    0.0
                ],
                [
                    0.0
                ],
                [
                    0.0
                ]
            ],
            "R_world": [
                [
                    0.9834661007130726,
                    -0.18101472641250094,
                    -0.00530071410586401
                ],
                [
                    -0.023025525099586955,
                    -0.09595894613440438,
                    -0.995118940554677
                ],
                [
                    0.17962253183304416,
                    0.9787877959387223,
                    -0.09854032970974434
                ]
            ],
            "t_world": [
                [
                    949.7504835389346
                ],
                [
                    1331.8200742950946
                ],
                [
                    1789.610224364952
                ]
            ],
            "pos_world": [
                [
                    -1224.8358676423109
                ],
                [
                    -1451.9297723876316
                ],
                [
                    1506.7025186879837
                ]
            ]
        },
        "DA8199402": {
            "K": [
                [
                    2369.8688731332177,
                    0.0,
                    1168.2778957267533
                ],
                [
                    0.0,
                    2370.6156485133383,
                    336.44466339336617
                ],
                [
                    0.0,
                    0.0,
                    1.0
                ]
            ],
            "D": [
                -0.10452501843819566,
                0.33458570772599955,
                0.0006998899884812581,
                -0.0002924195467916439,
                -0.8096937948653907
            ],
            "image_size": [
                2248,
                1348
            ],
            "R_to_ref": [
                [
                    0.8698447114893034,
                    -0.004453351417199206,
                    0.493305529621598
                ],
                [
                    -0.00425057950821395,
                    0.999854479061399,
                    0.016521297609531065
                ],
                [
                    -0.4933073184820338,
                    -0.01646779772808966,
                    0.8696992015461736
                ]
            ],
            "t_to_ref": [
                [
                    -2905.957907302348
                ],
                [
                    -101.52200428885064
                ],
                [
                    1078.907709761131
                ]
            ],
            "R_world": [
                [
                    0.9443565360692185,
                    0.32486041746183847,
                    -0.051540682473821264
                ],
                [
                    -0.025768342159608076,
                    -0.0831450759989059,
                    -0.99620424054482
                ],
                [
                    -0.32791267942196534,
                    0.9421001037594977,
                    -0.0701474815702689
                ]
            ],
            "t_world": [
                [
                    -1131.679380963504
                ],
                [
                    1284.7174609847357
                ],
                [
                    2282.9583949877715
                ]
            ],
            "pos_world": [
                [
                    1850.4248635700392
                ],
                [
                    -1676.31957373314
                ],
                [
                    1381.6572368366528
                ]
            ]
        }
    },
    "diagnostics": {
        "total_rms": 0.3740611672401428,
        "per_camera_rms": {
            "DA8199243": 0.39265236258506775,
            "DA8199285": 0.6944088339805603,
            "DA8199402": 0.4507228136062622
        },
        "num_images": 12,
        "num_observations": 3168,