{
    "units": "mm",
    "serial_left": "DA8199285",
    "serial_right": "DA8199402",
    "image_size": [
        2448,
        1348
    ],
    "K1": [
        [
            2431.7186232429594,
            0.0,
            1252.9509180282737
        ],
        [
            0.0,
            2431.102591826312,
            551.3490987984757
        ],
        [
            0.0,
            0.0,
            1.0
        ]
    ],
    "D1": [
        [
            0.039193776175839974,
            -0.8048888776068827,
            0.012650167830040682,
            0.0018177111129558112,
            3.684666838407239
        ]
    ],
    "K2": [
        [
            2365.3777930353203,
            0.0,
            1163.6956600416977
        ],
        [
            0.0,
            2363.102194403692,
            525.76057650298
        ],
        [
            0.0,
            0.0,
            1.0
        ]
    ],
    "D2": [
        [
            -0.0047950173620857,
            0.020300377501915545,
            0.015598875425204847,
            -0.010767325659903572,
            -0.2201200358164912
        ]
    ],
    "R_stereo": [
        [
            0.7818385060631569,
            -0.05598636028575547,
            0.6209622193812477
        ],
        [
            0.062448855468277185,
            0.9979836145700808,
            0.011351013185556902
        ],
        [
            -0.620345622123372,
            0.029903720698101155,
            0.7837583024126613
        ]
    ],
    "T_stereo": [
        [
            -3569.8601695460065
        ],
        [
            -235.29651691167146
        ],
        [
            1093.609005805724
        ]
    ],
    "E": [
        [
            77.67053342466538,
            -1098.4401098633518,
            -196.82916890304824
        ],
        [
            -1359.5214964541021,
            45.52491363059371,
            3476.9974217143954
        ],
        [
            -38.96980450585252,
            -3575.8353510830852,
            105.5887174990377
        ]
    ],
    "F": [
        [
            3.9104000400682785e-06,
            -5.531607009465907e-05,
            0.0015016651405007394
        ],
        [
            -6.851237007980073e-05,
            2.294785397246634e-06,
            0.5106666833879655
        ],
        [
            0.026829779185387835,
            -0.3627798872759145,
            1.0
        ]
    ],
    "R1_world": [
        [
            0.9469643828143439,
            -0.32133791448928983,
            -0.0006343443248129077
        ],
        [
            -0.02725681474240446,
            -0.07835700076763064,
            -0.9965526812370732
        ],
        [
            0.3201804549486849,
            0.943717184935389,
            -0.08295993687604761
        ]
    ],
    "t1_world": [
        [
            1198.3177061408921
        ],
        [
            1214.8989487727383
        ],
        [
            2464.2315527350725
        ]
    ],
    "pos1_world": [
        [
            -1890.6486910873896
        ],
        [
            -1845.2769135276221
        ],
        [
            1415.9034449306537
        ]
    ],
    "R2_world": [
        [
            0.9407191941124293,
            0.33916528589583356,
            0.0037824161139542955
        ],
        [
            0.03556935994356753,
            -0.08755404162173165,
            -0.9955245403448902
        ],
        [
            -0.337316199524521,
            0.9366435814326053,
            -0.09442765961007339
        ]
    ],
    "t2_world": [
        [
            -1170.7923205888897
        ],
        [
            1079.9578214051687
        ],
        [
            2317.9298002521737
        ]
    ],
    "pos2_world": [
        [
            1844.8486708096652
        ],
        [
            -1679.4272854353594
        ],
        [
            1298.4296236639966
        ]
    ],
    "diagnostics": {
        "stereo_rms": 0.3030112788038176,
        "mono_rms1": 0.19909540895651376,
        "mono_rms2": 0.2071118192078468,
        "ground_reproj_error": 2.1725618184926345,
        "num_valid_pairs": 16,
        "num_total_pairs": 51,
        "dict_name": "tag36h11"
    },
    "board": {
        "grid_cols": 6,
        "grid_rows": 6,
        "tag_spacing": 71.5,
        "tag_size": 55.0,
        "tag_family": "tag36h11"
    }
}